{
    "model_name": "baseline_model",
    "train_metrics": {
        "0": {
            "precision": 0.9968464206874803,
            "recall": 1.0,
            "f1-score": 0.9984207201516109,
            "support": 3161.0
        },
        "1": {
            "precision": 1.0,
            "recall": 0.9781181619256017,
            "f1-score": 0.9889380530973452,
            "support": 457.0
        },
        "accuracy": 0.9972360420121614,
        "macro avg": {
            "precision": 0.9984232103437402,
            "recall": 0.9890590809628008,
            "f1-score": 0.993679386624478,
            "support": 3618.0
        },
        "weighted avg": {
            "precision": 0.9972447583728926,
            "recall": 0.9972360420121614,
            "f1-score": 0.997222937165486,
            "support": 3618.0
        }
    },
    "val_metrics": {
        "0": {
            "precision": 0.9804063860667634,
            "recall": 0.9970479704797048,
            "f1-score": 0.9886571533113796,
            "support": 1355.0
        },
        "1": {
            "precision": 0.976878612716763,
            "recall": 0.8622448979591837,
            "f1-score": 0.9159891598915989,
            "support": 196.0
        },
        "accuracy": 0.9800128949065119,
        "macro avg": {
            "precision": 0.9786424993917633,
            "recall": 0.9296464342194443,
            "f1-score": 0.9523231566014893,
            "support": 1551.0
        },
        "weighted avg": {
            "precision": 0.9799605810528369,
            "recall": 0.9800128949065119,
            "f1-score": 0.9794740928921165,
            "support": 1551.0
        }
    },
    "train_summary": {
        "accuracy": 0.9972360420121614,
        "precision": 0.9972447583728926,
        "recall": 0.9972360420121614,
        "f1-score": 0.997222937165486
    },
    "val_summary": {
        "accuracy": 0.9800128949065119,
        "precision": 0.9799605810528369,
        "recall": 0.9800128949065119,
        "f1-score": 0.9794740928921165
    }
}