{
    "model_name": "DistilBERT_ft_threshold",
    "threshold": 0.2299,
    "train_metrics": {
        "0": {
            "precision": 0.8703233988585922,
            "recall": 0.8683960771907624,
            "f1-score": 0.8693586698337291,
            "support": 3161.0
        },
        "1": {
            "precision": 0.10344827586206896,
            "recall": 0.1050328227571116,
            "f1-score": 0.10423452768729641,
            "support": 457.0
        },
        "accuracy": 0.7719734660033167,
        "macro avg": {
            "precision": 0.4868858373603306,
            "recall": 0.486714449973937,
            "f1-score": 0.48679659876051273,
            "support": 3618.0
        },
        "weighted avg": {
            "precision": 0.7734571934386333,
            "recall": 0.7719734660033167,
            "f1-score": 0.7727136358478476,
            "support": 3618.0
        }
    },
    "val_metrics": {
        "0": {
            "precision": 0.9947722180731889,
            "recall": 0.9830258302583026,
            "f1-score": 0.9888641425389754,
            "support": 1355.0
        },
        "1": {
            "precision": 0.8915094339622641,
            "recall": 0.9642857142857143,
            "f1-score": 0.9264705882352942,
            "support": 196.0
        },
        "accuracy": 0.9806576402321083,
        "macro avg": {
            "precision": 0.9431408260177265,
            "recall": 0.9736557722720085,
            "f1-score": 0.9576673653871348,
            "support": 1551.0
        },
        "weighted avg": {
            "precision": 0.9817228913899257,
            "recall": 0.9806576402321083,
            "f1-score": 0.9809794638519852,
            "support": 1551.0
        }
    },
    "train_summary": {
        "accuracy": 0.7719734660033167,
        "precision": 0.7734571934386333,
        "recall": 0.7719734660033167,
        "f1-score": 0.7727136358478476
    },
    "val_summary": {
        "accuracy": 0.9806576402321083,
        "precision": 0.9817228913899257,
        "recall": 0.9806576402321083,
        "f1-score": 0.9809794638519852
    }
}