{
    "model_name": "DistilBERT_ft",
    "train_metrics": {
        "0": {
            "precision": 0.8714783159227604,
            "recall": 0.8709269218601708,
            "f1-score": 0.8712025316455696,
            "support": 3161.0
        },
        "1": {
            "precision": 0.1111111111111111,
            "recall": 0.11159737417943107,
            "f1-score": 0.11135371179039302,
            "support": 457.0
        },
        "accuracy": 0.7750138197899392,
        "macro avg": {
            "precision": 0.49129471351693577,
            "recall": 0.49126214801980095,
            "f1-score": 0.4912781217179813,
            "support": 3618.0
        },
        "weighted avg": {
            "precision": 0.7754341443918251,
            "recall": 0.7750138197899392,
            "f1-score": 0.775223838811458,
            "support": 3618.0
        }
    },
    "val_metrics": {
        "0": {
            "precision": 0.9926144756277696,
            "recall": 0.9918819188191882,
            "f1-score": 0.9922480620155039,
            "support": 1355.0
        },
        "1": {
            "precision": 0.9441624365482234,
            "recall": 0.9489795918367347,
            "f1-score": 0.9465648854961832,
            "support": 196.0
        },
        "accuracy": 0.9864603481624759,
        "macro avg": {
            "precision": 0.9683884560879965,
            "recall": 0.9704307553279614,
            "f1-score": 0.9694064737558435,
            "support": 1551.0
        },
        "weighted avg": {
            "precision": 0.986491587388188,
            "recall": 0.9864603481624759,
            "f1-score": 0.9864750751697353,
            "support": 1551.0
        }
    },
    "train_summary": {
        "accuracy": 0.7750138197899392,
        "precision": 0.7754341443918251,
        "recall": 0.7750138197899392,
        "f1-score": 0.775223838811458
    },
    "val_summary": {
        "accuracy": 0.9864603481624759,
        "precision": 0.986491587388188,
        "recall": 0.9864603481624759,
        "f1-score": 0.9864750751697353
    }
}