{
    "0": {
        "precision": 0.9911894273127754,
        "recall": 0.995575221238938,
        "f1-score": 0.9933774834437086,
        "support": 1130.0
    },
    "1": {
        "precision": 0.9683544303797469,
        "recall": 0.9386503067484663,
        "f1-score": 0.9532710280373832,
        "support": 163.0
    },
    "accuracy": 0.988399071925754,
    "macro avg": {
        "precision": 0.9797719288462612,
        "recall": 0.9671127639937022,
        "f1-score": 0.9733242557405459,
        "support": 1293.0
    },
    "weighted avg": {
        "precision": 0.988310769540089,
        "recall": 0.988399071925754,
        "f1-score": 0.9883215265750072,
        "support": 1293.0
    }
}