{
    "train_f1": 1.0,
    "train_precision": 1.0,
    "train_recall": 1.0,
    "train_accuracy": 1.0,
    "test_f1": 0.9883215265750072,
    "test_precision": 0.988310769540089,
    "test_recall": 0.988399071925754,
    "test_accuracy": 0.988399071925754
}